{
    "Version": "1.2",
    "Data": {
        "Source": "c:\\program files\\microsoft visual studio\\2022\\preview\\vc\\tools\\msvc\\14.38.33030\\modules\\std.ixx",
        "ProvidedModule": "std",
        "Includes": [
            "c:\\program files (x86)\\windows kits\\10\\include\\10.0.22621.0\\ucrt\\assert.h",
            "c:\\program files (x86)\\windows kits\\10\\include\\10.0.22621.0\\ucrt\\corecrt.h",
            "c:\\program files\\microsoft visual studio\\2022\\preview\\vc\\tools\\msvc\\14.38.33030\\include\\vcruntime.h",
            "c:\\program files\\microsoft visual studio\\2022\\preview\\vc\\tools\\msvc\\14.38.33030\\include\\sal.h",
            "c:\\program files\\microsoft visual studio\\2022\\preview\\vc\\tools\\msvc\\14.38.33030\\include\\concurrencysal.h",
            "c:\\program files\\microsoft visual studio\\2022\\preview\\vc\\tools\\msvc\\14.38.33030\\include\\vadefs.h",
            "c:\\program files (x86)\\windows kits\\10\\include\\10.0.22621.0\\ucrt\\ctype.h",
            "c:\\program files (x86)\\windows kits\\10\\include\\10.0.22621.0\\ucrt\\corecrt_wctype.h",
            "c:\\program files (x86)\\windows kits\\10\\include\\10.0.22621.0\\ucrt\\errno.h",
            "c:\\program files (x86)\\windows kits\\10\\include\\10.0.22621.0\\ucrt\\fenv.h",
            "c:\\program files (x86)\\windows kits\\10\\include\\10.0.22621.0\\ucrt\\float.h",
            "c:\\program files (x86)\\windows kits\\10\\include\\10.0.22621.0\\ucrt\\inttypes.h",
            "c:\\program files\\microsoft visual studio\\2022\\preview\\vc\\tools\\msvc\\14.38.33030\\include\\stdint.h",
            "c:\\program files\\microsoft visual studio\\2022\\preview\\vc\\tools\\msvc\\14.38.33030\\include\\limits.h",
            "c:\\program files (x86)\\windows kits\\10\\include\\10.0.22621.0\\ucrt\\locale.h",
            "c:\\program files (x86)\\windows kits\\10\\include\\10.0.22621.0\\ucrt\\math.h",
            "c:\\program files (x86)\\windows kits\\10\\include\\10.0.22621.0\\ucrt\\corecrt_math.h",
            "c:\\program files\\microsoft visual studio\\2022\\preview\\vc\\tools\\msvc\\14.38.33030\\include\\setjmp.h",
            "c:\\program files (x86)\\windows kits\\10\\include\\10.0.22621.0\\ucrt\\signal.h",
            "c:\\program files\\microsoft visual studio\\2022\\preview\\vc\\tools\\msvc\\14.38.33030\\include\\stdarg.h",
            "c:\\program files (x86)\\windows kits\\10\\include\\10.0.22621.0\\ucrt\\stddef.h",
            "c:\\program files (x86)\\windows kits\\10\\include\\10.0.22621.0\\ucrt\\stdio.h",
            "c:\\program files (x86)\\windows kits\\10\\include\\10.0.22621.0\\ucrt\\corecrt_wstdio.h",
            "c:\\program files (x86)\\windows kits\\10\\include\\10.0.22621.0\\ucrt\\corecrt_stdio_config.h",
            "c:\\program files (x86)\\windows kits\\10\\include\\10.0.22621.0\\ucrt\\stdlib.h",
            "c:\\program files (x86)\\windows kits\\10\\include\\10.0.22621.0\\ucrt\\corecrt_malloc.h",
            "c:\\program files (x86)\\windows kits\\10\\include\\10.0.22621.0\\ucrt\\corecrt_search.h",
            "c:\\program files (x86)\\windows kits\\10\\include\\10.0.22621.0\\ucrt\\corecrt_wstdlib.h",
            "c:\\program files (x86)\\windows kits\\10\\include\\10.0.22621.0\\ucrt\\string.h",
            "c:\\program files (x86)\\windows kits\\10\\include\\10.0.22621.0\\ucrt\\corecrt_memory.h",
            "c:\\program files (x86)\\windows kits\\10\\include\\10.0.22621.0\\ucrt\\corecrt_memcpy_s.h",
            "c:\\program files\\microsoft visual studio\\2022\\preview\\vc\\tools\\msvc\\14.38.33030\\include\\vcruntime_string.h",
            "c:\\program files (x86)\\windows kits\\10\\include\\10.0.22621.0\\ucrt\\corecrt_wstring.h",
            "c:\\program files (x86)\\windows kits\\10\\include\\10.0.22621.0\\ucrt\\time.h",
            "c:\\program files (x86)\\windows kits\\10\\include\\10.0.22621.0\\ucrt\\corecrt_wtime.h",
            "c:\\program files (x86)\\windows kits\\10\\include\\10.0.22621.0\\ucrt\\uchar.h",
            "c:\\program files (x86)\\windows kits\\10\\include\\10.0.22621.0\\ucrt\\wchar.h",
            "c:\\program files (x86)\\windows kits\\10\\include\\10.0.22621.0\\ucrt\\corecrt_wconio.h",
            "c:\\program files (x86)\\windows kits\\10\\include\\10.0.22621.0\\ucrt\\corecrt_wdirect.h",
            "c:\\program files (x86)\\windows kits\\10\\include\\10.0.22621.0\\ucrt\\corecrt_wio.h",
            "c:\\program files (x86)\\windows kits\\10\\include\\10.0.22621.0\\ucrt\\corecrt_share.h",
            "c:\\program files (x86)\\windows kits\\10\\include\\10.0.22621.0\\ucrt\\corecrt_wprocess.h",
            "c:\\program files (x86)\\windows kits\\10\\include\\10.0.22621.0\\ucrt\\sys\\stat.h",
            "c:\\program files (x86)\\windows kits\\10\\include\\10.0.22621.0\\ucrt\\sys\\types.h",
            "c:\\program files (x86)\\windows kits\\10\\include\\10.0.22621.0\\ucrt\\wctype.h",
            "c:\\program files\\microsoft visual studio\\2022\\preview\\vc\\tools\\msvc\\14.38.33030\\include\\algorithm",
            "c:\\program files\\microsoft visual studio\\2022\\preview\\vc\\tools\\msvc\\14.38.33030\\include\\yvals_core.h",
            "c:\\program files\\microsoft visual studio\\2022\\preview\\vc\\tools\\msvc\\14.38.33030\\include\\xkeycheck.h",
            "c:\\program files\\microsoft visual studio\\2022\\preview\\vc\\tools\\msvc\\14.38.33030\\include\\xmemory",
            "c:\\program files\\microsoft visual studio\\2022\\preview\\vc\\tools\\msvc\\14.38.33030\\include\\cstdint",
            "c:\\program files\\microsoft visual studio\\2022\\preview\\vc\\tools\\msvc\\14.38.33030\\include\\cstdlib",
            "c:\\program files (x86)\\windows kits\\10\\include\\10.0.22621.0\\ucrt\\math.h",
            "c:\\program files\\microsoft visual studio\\2022\\preview\\vc\\tools\\msvc\\14.38.33030\\include\\limits",
            "c:\\program files\\microsoft visual studio\\2022\\preview\\vc\\tools\\msvc\\14.38.33030\\include\\cfloat",
            "c:\\program files\\microsoft visual studio\\2022\\preview\\vc\\tools\\msvc\\14.38.33030\\include\\climits",
            "c:\\program files\\microsoft visual studio\\2022\\preview\\vc\\tools\\msvc\\14.38.33030\\include\\cwchar",
            "c:\\program files\\microsoft visual studio\\2022\\preview\\vc\\tools\\msvc\\14.38.33030\\include\\cstdio",
            "c:\\program files\\microsoft visual studio\\2022\\preview\\vc\\tools\\msvc\\14.38.33030\\include\\xtr1common",
            "c:\\program files\\microsoft visual studio\\2022\\preview\\vc\\tools\\msvc\\14.38.33030\\include\\intrin0.h",
            "c:\\program files\\microsoft visual studio\\2022\\preview\\vc\\tools\\msvc\\14.38.33030\\include\\intrin0.inl.h",
            "c:\\program files\\microsoft visual studio\\2022\\preview\\vc\\tools\\msvc\\14.38.33030\\include\\new",
            "c:\\program files\\microsoft visual studio\\2022\\preview\\vc\\tools\\msvc\\14.38.33030\\include\\exception",
            "c:\\program files\\microsoft visual studio\\2022\\preview\\vc\\tools\\msvc\\14.38.33030\\include\\yvals.h",
            "c:\\program files (x86)\\windows kits\\10\\include\\10.0.22621.0\\ucrt\\crtdbg.h",
            "c:\\program files\\microsoft visual studio\\2022\\preview\\vc\\tools\\msvc\\14.38.33030\\include\\vcruntime_new_debug.h",
            "c:\\program files\\microsoft visual studio\\2022\\preview\\vc\\tools\\msvc\\14.38.33030\\include\\vcruntime_new.h",
            "c:\\program files\\microsoft visual studio\\2022\\preview\\vc\\tools\\msvc\\14.38.33030\\include\\crtdefs.h",
            "c:\\program files\\microsoft visual studio\\2022\\preview\\vc\\tools\\msvc\\14.38.33030\\include\\use_ansi.h",
            "c:\\program files\\microsoft visual studio\\2022\\preview\\vc\\tools\\msvc\\14.38.33030\\include\\type_traits",
            "c:\\program files\\microsoft visual studio\\2022\\preview\\vc\\tools\\msvc\\14.38.33030\\include\\cstddef",
            "c:\\program files (x86)\\windows kits\\10\\include\\10.0.22621.0\\ucrt\\malloc.h",
            "c:\\program files\\microsoft visual studio\\2022\\preview\\vc\\tools\\msvc\\14.38.33030\\include\\vcruntime_exception.h",
            "c:\\program files\\microsoft visual studio\\2022\\preview\\vc\\tools\\msvc\\14.38.33030\\include\\eh.h",
            "c:\\program files (x86)\\windows kits\\10\\include\\10.0.22621.0\\ucrt\\corecrt_terminate.h",
            "c:\\program files\\microsoft visual studio\\2022\\preview\\vc\\tools\\msvc\\14.38.33030\\include\\xatomic.h",
            "c:\\program files\\microsoft visual studio\\2022\\preview\\vc\\tools\\msvc\\14.38.33030\\include\\xutility",
            "c:\\program files\\microsoft visual studio\\2022\\preview\\vc\\tools\\msvc\\14.38.33030\\include\\__msvc_iter_core.hpp",
            "c:\\program files\\microsoft visual studio\\2022\\preview\\vc\\tools\\msvc\\14.38.33030\\include\\utility",
            "c:\\program files\\microsoft visual studio\\2022\\preview\\vc\\tools\\msvc\\14.38.33030\\include\\initializer_list",
            "c:\\program files\\microsoft visual studio\\2022\\preview\\vc\\tools\\msvc\\14.38.33030\\include\\concepts",
            "c:\\program files\\microsoft visual studio\\2022\\preview\\vc\\tools\\msvc\\14.38.33030\\include\\compare",
            "c:\\program files\\microsoft visual studio\\2022\\preview\\vc\\tools\\msvc\\14.38.33030\\include\\cstring",
            "c:\\program files\\microsoft visual studio\\2022\\preview\\vc\\tools\\msvc\\14.38.33030\\include\\tuple",
            "c:\\program files\\microsoft visual studio\\2022\\preview\\vc\\tools\\msvc\\14.38.33030\\include\\optional",
            "c:\\program files\\microsoft visual studio\\2022\\preview\\vc\\tools\\msvc\\14.38.33030\\include\\xsmf_control.h",
            "c:\\program files\\microsoft visual studio\\2022\\preview\\vc\\tools\\msvc\\14.38.33030\\include\\any",
            "c:\\program files\\microsoft visual studio\\2022\\preview\\vc\\tools\\msvc\\14.38.33030\\include\\typeinfo",
            "c:\\program files\\microsoft visual studio\\2022\\preview\\vc\\tools\\msvc\\14.38.33030\\include\\vcruntime_typeinfo.h",
            "c:\\program files\\microsoft visual studio\\2022\\preview\\vc\\tools\\msvc\\14.38.33030\\include\\array",
            "c:\\program files\\microsoft visual studio\\2022\\preview\\vc\\tools\\msvc\\14.38.33030\\include\\atomic",
            "c:\\program files\\microsoft visual studio\\2022\\preview\\vc\\tools\\msvc\\14.38.33030\\include\\xatomic_wait.h",
            "c:\\program files\\microsoft visual studio\\2022\\preview\\vc\\tools\\msvc\\14.38.33030\\include\\xthreads.h",
            "c:\\program files\\microsoft visual studio\\2022\\preview\\vc\\tools\\msvc\\14.38.33030\\include\\xtimec.h",
            "c:\\program files\\microsoft visual studio\\2022\\preview\\vc\\tools\\msvc\\14.38.33030\\include\\ctime",
            "c:\\program files\\microsoft visual studio\\2022\\preview\\vc\\tools\\msvc\\14.38.33030\\include\\barrier",
            "c:\\program files\\microsoft visual studio\\2022\\preview\\vc\\tools\\msvc\\14.38.33030\\include\\bit",
            "c:\\program files\\microsoft visual studio\\2022\\preview\\vc\\tools\\msvc\\14.38.33030\\include\\__msvc_bit_utils.hpp",
            "c:\\program files\\microsoft visual studio\\2022\\preview\\vc\\tools\\msvc\\14.38.33030\\include\\bitset",
            "c:\\program files\\microsoft visual studio\\2022\\preview\\vc\\tools\\msvc\\14.38.33030\\include\\iosfwd",
            "c:\\program files\\microsoft visual studio\\2022\\preview\\vc\\tools\\msvc\\14.38.33030\\include\\xstring",
            "c:\\program files\\microsoft visual studio\\2022\\preview\\vc\\tools\\msvc\\14.38.33030\\include\\xpolymorphic_allocator.h",
            "c:\\program files\\microsoft visual studio\\2022\\preview\\vc\\tools\\msvc\\14.38.33030\\include\\__msvc_sanitizer_annotate_container.hpp",
            "c:\\program files\\microsoft visual studio\\2022\\preview\\vc\\tools\\msvc\\14.38.33030\\include\\charconv",
            "c:\\program files\\microsoft visual studio\\2022\\preview\\vc\\tools\\msvc\\14.38.33030\\include\\xbit_ops.h",
            "c:\\program files\\microsoft visual studio\\2022\\preview\\vc\\tools\\msvc\\14.38.33030\\include\\xcharconv.h",
            "c:\\program files\\microsoft visual studio\\2022\\preview\\vc\\tools\\msvc\\14.38.33030\\include\\xerrc.h",
            "c:\\program files\\microsoft visual studio\\2022\\preview\\vc\\tools\\msvc\\14.38.33030\\include\\xcharconv_ryu.h",
            "c:\\program files\\microsoft visual studio\\2022\\preview\\vc\\tools\\msvc\\14.38.33030\\include\\xcharconv_ryu_tables.h",
            "c:\\program files\\microsoft visual studio\\2022\\preview\\vc\\tools\\msvc\\14.38.33030\\include\\xcharconv_tables.h",
            "c:\\program files\\microsoft visual studio\\2022\\preview\\vc\\tools\\msvc\\14.38.33030\\include\\chrono",
            "c:\\program files\\microsoft visual studio\\2022\\preview\\vc\\tools\\msvc\\14.38.33030\\include\\__msvc_chrono.hpp",
            "c:\\program files\\microsoft visual studio\\2022\\preview\\vc\\tools\\msvc\\14.38.33030\\include\\ratio",
            "c:\\program files\\microsoft visual studio\\2022\\preview\\vc\\tools\\msvc\\14.38.33030\\include\\system_error",
            "c:\\program files\\microsoft visual studio\\2022\\preview\\vc\\tools\\msvc\\14.38.33030\\include\\__msvc_system_error_abi.hpp",
            "c:\\program files\\microsoft visual studio\\2022\\preview\\vc\\tools\\msvc\\14.38.33030\\include\\cerrno",
            "c:\\program files\\microsoft visual studio\\2022\\preview\\vc\\tools\\msvc\\14.38.33030\\include\\stdexcept",
            "c:\\program files\\microsoft visual studio\\2022\\preview\\vc\\tools\\msvc\\14.38.33030\\include\\xcall_once.h",
            "c:\\program files\\microsoft visual studio\\2022\\preview\\vc\\tools\\msvc\\14.38.33030\\include\\xfilesystem_abi.h",
            "c:\\program files\\microsoft visual studio\\2022\\preview\\vc\\tools\\msvc\\14.38.33030\\include\\__msvc_tzdb.hpp",
            "c:\\program files\\microsoft visual studio\\2022\\preview\\vc\\tools\\msvc\\14.38.33030\\include\\cmath",
            "c:\\program files\\microsoft visual studio\\2022\\preview\\vc\\tools\\msvc\\14.38.33030\\include\\forward_list",
            "c:\\program files\\microsoft visual studio\\2022\\preview\\vc\\tools\\msvc\\14.38.33030\\include\\istream",
            "c:\\program files\\microsoft visual studio\\2022\\preview\\vc\\tools\\msvc\\14.38.33030\\include\\ostream",
            "c:\\program files\\microsoft visual studio\\2022\\preview\\vc\\tools\\msvc\\14.38.33030\\include\\ios",
            "c:\\program files\\microsoft visual studio\\2022\\preview\\vc\\tools\\msvc\\14.38.33030\\include\\xlocnum",
            "c:\\program files\\microsoft visual studio\\2022\\preview\\vc\\tools\\msvc\\14.38.33030\\include\\iterator",
            "c:\\program files\\microsoft visual studio\\2022\\preview\\vc\\tools\\msvc\\14.38.33030\\include\\streambuf",
            "c:\\program files\\microsoft visual studio\\2022\\preview\\vc\\tools\\msvc\\14.38.33030\\include\\xiosbase",
            "c:\\program files (x86)\\windows kits\\10\\include\\10.0.22621.0\\ucrt\\share.h",
            "c:\\program files\\microsoft visual studio\\2022\\preview\\vc\\tools\\msvc\\14.38.33030\\include\\xlocale",
            "c:\\program files\\microsoft visual studio\\2022\\preview\\vc\\tools\\msvc\\14.38.33030\\include\\memory",
            "c:\\program files\\microsoft visual studio\\2022\\preview\\vc\\tools\\msvc\\14.38.33030\\include\\xfacet",
            "c:\\program files\\microsoft visual studio\\2022\\preview\\vc\\tools\\msvc\\14.38.33030\\include\\xlocinfo",
            "c:\\program files\\microsoft visual studio\\2022\\preview\\vc\\tools\\msvc\\14.38.33030\\include\\__msvc_xlocinfo_types.hpp",
            "c:\\program files\\microsoft visual studio\\2022\\preview\\vc\\tools\\msvc\\14.38.33030\\include\\cctype",
            "c:\\program files\\microsoft visual studio\\2022\\preview\\vc\\tools\\msvc\\14.38.33030\\include\\clocale",
            "c:\\program files\\microsoft visual studio\\2022\\preview\\vc\\tools\\msvc\\14.38.33030\\include\\__msvc_filebuf.hpp",
            "c:\\program files\\microsoft visual studio\\2022\\preview\\vc\\tools\\msvc\\14.38.33030\\include\\__msvc_print.hpp",
            "c:\\program files\\microsoft visual studio\\2022\\preview\\vc\\tools\\msvc\\14.38.33030\\include\\format",
            "c:\\program files\\microsoft visual studio\\2022\\preview\\vc\\tools\\msvc\\14.38.33030\\include\\__msvc_format_ucd_tables.hpp",
            "c:\\program files\\microsoft visual studio\\2022\\preview\\vc\\tools\\msvc\\14.38.33030\\include\\locale",
            "c:\\program files\\microsoft visual studio\\2022\\preview\\vc\\tools\\msvc\\14.38.33030\\include\\xlocbuf",
            "c:\\program files\\microsoft visual studio\\2022\\preview\\vc\\tools\\msvc\\14.38.33030\\include\\xlocmes",
            "c:\\program files\\microsoft visual studio\\2022\\preview\\vc\\tools\\msvc\\14.38.33030\\include\\xlocmon",
            "c:\\program files\\microsoft visual studio\\2022\\preview\\vc\\tools\\msvc\\14.38.33030\\include\\xloctime",
            "c:\\program files\\microsoft visual studio\\2022\\preview\\vc\\tools\\msvc\\14.38.33030\\include\\mutex",
            "c:\\program files\\microsoft visual studio\\2022\\preview\\vc\\tools\\msvc\\14.38.33030\\include\\thread",
            "c:\\program files (x86)\\windows kits\\10\\include\\10.0.22621.0\\ucrt\\process.h",
            "c:\\program files (x86)\\windows kits\\10\\include\\10.0.22621.0\\ucrt\\corecrt_startup.h",
            "c:\\program files (x86)\\windows kits\\10\\include\\10.0.22621.0\\ucrt\\math.h",
            "c:\\program files\\microsoft visual studio\\2022\\preview\\vc\\tools\\msvc\\14.38.33030\\include\\vcruntime_startup.h",
            "c:\\program files\\microsoft visual studio\\2022\\preview\\vc\\tools\\msvc\\14.38.33030\\include\\stop_token",
            "c:\\program files\\microsoft visual studio\\2022\\preview\\vc\\tools\\msvc\\14.38.33030\\include\\sstream",
            "c:\\program files\\microsoft visual studio\\2022\\preview\\vc\\tools\\msvc\\14.38.33030\\include\\string",
            "c:\\program files\\microsoft visual studio\\2022\\preview\\vc\\tools\\msvc\\14.38.33030\\include\\vector",
            "c:\\program files\\microsoft visual studio\\2022\\preview\\vc\\tools\\msvc\\14.38.33030\\include\\iomanip",
            "c:\\program files\\microsoft visual studio\\2022\\preview\\vc\\tools\\msvc\\14.38.33030\\include\\codecvt",
            "c:\\program files\\microsoft visual studio\\2022\\preview\\vc\\tools\\msvc\\14.38.33030\\include\\complex",
            "c:\\program files\\microsoft visual studio\\2022\\preview\\vc\\tools\\msvc\\14.38.33030\\include\\ymath.h",
            "c:\\program files\\microsoft visual studio\\2022\\preview\\vc\\tools\\msvc\\14.38.33030\\include\\emmintrin.h",
            "c:\\program files\\microsoft visual studio\\2022\\preview\\vc\\tools\\msvc\\14.38.33030\\include\\xmmintrin.h",
            "c:\\program files\\microsoft visual studio\\2022\\preview\\vc\\tools\\msvc\\14.38.33030\\include\\mmintrin.h",
            "c:\\program files\\microsoft visual studio\\2022\\preview\\vc\\tools\\msvc\\14.38.33030\\include\\condition_variable",
            "c:\\program files\\microsoft visual studio\\2022\\preview\\vc\\tools\\msvc\\14.38.33030\\include\\coroutine",
            "c:\\program files\\microsoft visual studio\\2022\\preview\\vc\\tools\\msvc\\14.38.33030\\include\\deque",
            "c:\\program files\\microsoft visual studio\\2022\\preview\\vc\\tools\\msvc\\14.38.33030\\include\\execution",
            "c:\\program files\\microsoft visual studio\\2022\\preview\\vc\\tools\\msvc\\14.38.33030\\include\\numeric",
            "c:\\program files\\microsoft visual studio\\2022\\preview\\vc\\tools\\msvc\\14.38.33030\\include\\queue",
            "c:\\program files\\microsoft visual studio\\2022\\preview\\vc\\tools\\msvc\\14.38.33030\\include\\ranges",
            "c:\\program files\\microsoft visual studio\\2022\\preview\\vc\\tools\\msvc\\14.38.33030\\include\\__msvc_int128.hpp",
            "c:\\program files\\microsoft visual studio\\2022\\preview\\vc\\tools\\msvc\\14.38.33030\\include\\span",
            "c:\\program files\\microsoft visual studio\\2022\\preview\\vc\\tools\\msvc\\14.38.33030\\include\\string_view",
            "c:\\program files\\microsoft visual studio\\2022\\preview\\vc\\tools\\msvc\\14.38.33030\\include\\expected",
            "c:\\program files\\microsoft visual studio\\2022\\preview\\vc\\tools\\msvc\\14.38.33030\\include\\filesystem",
            "c:\\program files\\microsoft visual studio\\2022\\preview\\vc\\tools\\msvc\\14.38.33030\\include\\fstream",
            "c:\\program files\\microsoft visual studio\\2022\\preview\\vc\\tools\\msvc\\14.38.33030\\include\\functional",
            "c:\\program files\\microsoft visual studio\\2022\\preview\\vc\\tools\\msvc\\14.38.33030\\include\\unordered_map",
            "c:\\program files\\microsoft visual studio\\2022\\preview\\vc\\tools\\msvc\\14.38.33030\\include\\xhash",
            "c:\\program files\\microsoft visual studio\\2022\\preview\\vc\\tools\\msvc\\14.38.33030\\include\\list",
            "c:\\program files\\microsoft visual studio\\2022\\preview\\vc\\tools\\msvc\\14.38.33030\\include\\xnode_handle.h",
            "c:\\program files\\microsoft visual studio\\2022\\preview\\vc\\tools\\msvc\\14.38.33030\\include\\future",
            "c:\\program files\\microsoft visual studio\\2022\\preview\\vc\\tools\\msvc\\14.38.33030\\include\\ppltasks.h",
            "c:\\program files\\microsoft visual studio\\2022\\preview\\vc\\tools\\msvc\\14.38.33030\\include\\pplwin.h",
            "c:\\program files\\microsoft visual studio\\2022\\preview\\vc\\tools\\msvc\\14.38.33030\\include\\pplinterface.h",
            "c:\\program files\\microsoft visual studio\\2022\\preview\\vc\\tools\\msvc\\14.38.33030\\include\\ppltaskscheduler.h",
            "c:\\program files\\microsoft visual studio\\2022\\preview\\vc\\tools\\msvc\\14.38.33030\\include\\crtdefs.h",
            "c:\\program files\\microsoft visual studio\\2022\\preview\\vc\\tools\\msvc\\14.38.33030\\include\\pplcancellation_token.h",
            "c:\\program files\\microsoft visual studio\\2022\\preview\\vc\\tools\\msvc\\14.38.33030\\include\\intrin.h",
            "c:\\program files\\microsoft visual studio\\2022\\preview\\vc\\tools\\msvc\\14.38.33030\\include\\immintrin.h",
            "c:\\program files\\microsoft visual studio\\2022\\preview\\vc\\tools\\msvc\\14.38.33030\\include\\wmmintrin.h",
            "c:\\program files\\microsoft visual studio\\2022\\preview\\vc\\tools\\msvc\\14.38.33030\\include\\nmmintrin.h",
            "c:\\program files\\microsoft visual studio\\2022\\preview\\vc\\tools\\msvc\\14.38.33030\\include\\smmintrin.h",
            "c:\\program files\\microsoft visual studio\\2022\\preview\\vc\\tools\\msvc\\14.38.33030\\include\\tmmintrin.h",
            "c:\\program files\\microsoft visual studio\\2022\\preview\\vc\\tools\\msvc\\14.38.33030\\include\\pmmintrin.h",
            "c:\\program files\\microsoft visual studio\\2022\\preview\\vc\\tools\\msvc\\14.38.33030\\include\\zmmintrin.h",
            "c:\\program files\\microsoft visual studio\\2022\\preview\\vc\\tools\\msvc\\14.38.33030\\include\\ammintrin.h",
            "c:\\program files\\microsoft visual studio\\2022\\preview\\vc\\tools\\msvc\\14.38.33030\\include\\iostream",
            "c:\\program files\\microsoft visual studio\\2022\\preview\\vc\\tools\\msvc\\14.38.33030\\include\\latch",
            "c:\\program files\\microsoft visual studio\\2022\\preview\\vc\\tools\\msvc\\14.38.33030\\include\\map",
            "c:\\program files\\microsoft visual studio\\2022\\preview\\vc\\tools\\msvc\\14.38.33030\\include\\xtree",
            "c:\\program files\\microsoft visual studio\\2022\\preview\\vc\\tools\\msvc\\14.38.33030\\include\\memory_resource",
            "c:\\program files\\microsoft visual studio\\2022\\preview\\vc\\tools\\msvc\\14.38.33030\\include\\numbers",
            "c:\\program files\\microsoft visual studio\\2022\\preview\\vc\\tools\\msvc\\14.38.33030\\include\\print",
            "c:\\program files\\microsoft visual studio\\2022\\preview\\vc\\tools\\msvc\\14.38.33030\\include\\random",
            "c:\\program files\\microsoft visual studio\\2022\\preview\\vc\\tools\\msvc\\14.38.33030\\include\\regex",
            "c:\\program files\\microsoft visual studio\\2022\\preview\\vc\\tools\\msvc\\14.38.33030\\include\\scoped_allocator",
            "c:\\program files\\microsoft visual studio\\2022\\preview\\vc\\tools\\msvc\\14.38.33030\\include\\semaphore",
            "c:\\program files\\microsoft visual studio\\2022\\preview\\vc\\tools\\msvc\\14.38.33030\\include\\set",
            "c:\\program files\\microsoft visual studio\\2022\\preview\\vc\\tools\\msvc\\14.38.33030\\include\\shared_mutex",
            "c:\\program files\\microsoft visual studio\\2022\\preview\\vc\\tools\\msvc\\14.38.33030\\include\\source_location",
            "c:\\program files\\microsoft visual studio\\2022\\preview\\vc\\tools\\msvc\\14.38.33030\\include\\spanstream",
            "c:\\program files\\microsoft visual studio\\2022\\preview\\vc\\tools\\msvc\\14.38.33030\\include\\stack",
            "c:\\program files\\microsoft visual studio\\2022\\preview\\vc\\tools\\msvc\\14.38.33030\\include\\stacktrace",
            "c:\\program files\\microsoft visual studio\\2022\\preview\\vc\\tools\\msvc\\14.38.33030\\include\\stdfloat",
            "c:\\program files\\microsoft visual studio\\2022\\preview\\vc\\tools\\msvc\\14.38.33030\\include\\strstream",
            "c:\\program files\\microsoft visual studio\\2022\\preview\\vc\\tools\\msvc\\14.38.33030\\include\\syncstream",
            "c:\\program files\\microsoft visual studio\\2022\\preview\\vc\\tools\\msvc\\14.38.33030\\include\\typeindex",
            "c:\\program files\\microsoft visual studio\\2022\\preview\\vc\\tools\\msvc\\14.38.33030\\include\\unordered_set",
            "c:\\program files\\microsoft visual studio\\2022\\preview\\vc\\tools\\msvc\\14.38.33030\\include\\valarray",
            "c:\\program files\\microsoft visual studio\\2022\\preview\\vc\\tools\\msvc\\14.38.33030\\include\\variant",
            "c:\\program files\\microsoft visual studio\\2022\\preview\\vc\\tools\\msvc\\14.38.33030\\include\\version",
            "c:\\program files\\microsoft visual studio\\2022\\preview\\vc\\tools\\msvc\\14.38.33030\\include\\cassert",
            "c:\\program files (x86)\\windows kits\\10\\include\\10.0.22621.0\\ucrt\\assert.h",
            "c:\\program files\\microsoft visual studio\\2022\\preview\\vc\\tools\\msvc\\14.38.33030\\include\\cfenv",
            "c:\\program files\\microsoft visual studio\\2022\\preview\\vc\\tools\\msvc\\14.38.33030\\include\\cinttypes",
            "c:\\program files\\microsoft visual studio\\2022\\preview\\vc\\tools\\msvc\\14.38.33030\\include\\csetjmp",
            "c:\\program files\\microsoft visual studio\\2022\\preview\\vc\\tools\\msvc\\14.38.33030\\include\\csignal",
            "c:\\program files\\microsoft visual studio\\2022\\preview\\vc\\tools\\msvc\\14.38.33030\\include\\cstdarg",
            "c:\\program files\\microsoft visual studio\\2022\\preview\\vc\\tools\\msvc\\14.38.33030\\include\\cuchar",
            "c:\\program files\\microsoft visual studio\\2022\\preview\\vc\\tools\\msvc\\14.38.33030\\include\\cwctype"
        ],
        "ImportedModules": [],
        "ImportedHeaderUnits": []
    }
}