{
    "Version": "1.2",
    "Data": {
        "Source": "h:\\current\\mainmedium\\structs.h",
        "ProvidedModule": "",
        "Includes": [
            "h:\\drivers\\sdks\\include\\10.0.22621.0\\um\\ws2tcpip.h",
            "h:\\drivers\\sdks\\include\\10.0.22621.0\\shared\\winapifamily.h",
            "h:\\drivers\\sdks\\include\\10.0.22621.0\\shared\\winpackagefamily.h",
            "h:\\drivers\\sdks\\include\\10.0.22621.0\\um\\winsock2.h",
            "h:\\drivers\\sdks\\include\\10.0.22621.0\\um\\windows.h",
            "h:\\drivers\\sdks\\include\\10.0.22621.0\\shared\\sdkddkver.h",
            "h:\\ides\\vs\\vc\\tools\\msvc\\14.36.32532\\include\\excpt.h",
            "h:\\ides\\vs\\vc\\tools\\msvc\\14.36.32532\\include\\vcruntime.h",
            "h:\\ides\\vs\\vc\\tools\\msvc\\14.36.32532\\include\\sal.h",
            "h:\\ides\\vs\\vc\\tools\\msvc\\14.36.32532\\include\\concurrencysal.h",
            "h:\\ides\\vs\\vc\\tools\\msvc\\14.36.32532\\include\\vadefs.h",
            "h:\\ides\\vs\\vc\\tools\\msvc\\14.36.32532\\include\\stdarg.h",
            "h:\\drivers\\sdks\\include\\10.0.22621.0\\shared\\windef.h",
            "h:\\drivers\\sdks\\include\\10.0.22621.0\\shared\\minwindef.h",
            "h:\\drivers\\sdks\\include\\10.0.22621.0\\shared\\specstrings.h",
            "h:\\drivers\\sdks\\include\\10.0.22621.0\\shared\\specstrings_strict.h",
            "h:\\drivers\\sdks\\include\\10.0.22621.0\\shared\\specstrings_undef.h",
            "h:\\drivers\\sdks\\include\\10.0.22621.0\\shared\\driverspecs.h",
            "h:\\drivers\\sdks\\include\\10.0.22621.0\\shared\\sdv_driverspecs.h",
            "h:\\drivers\\sdks\\include\\10.0.22621.0\\um\\winnt.h",
            "h:\\drivers\\sdks\\include\\10.0.22621.0\\ucrt\\ctype.h",
            "h:\\drivers\\sdks\\include\\10.0.22621.0\\ucrt\\corecrt.h",
            "h:\\drivers\\sdks\\include\\10.0.22621.0\\ucrt\\corecrt_wctype.h",
            "h:\\drivers\\sdks\\include\\10.0.22621.0\\shared\\kernelspecs.h",
            "h:\\drivers\\sdks\\include\\10.0.22621.0\\shared\\basetsd.h",
            "h:\\drivers\\sdks\\include\\10.0.22621.0\\shared\\guiddef.h",
            "h:\\drivers\\sdks\\include\\10.0.22621.0\\ucrt\\string.h",
            "h:\\drivers\\sdks\\include\\10.0.22621.0\\ucrt\\corecrt_memory.h",
            "h:\\drivers\\sdks\\include\\10.0.22621.0\\ucrt\\corecrt_memcpy_s.h",
            "h:\\drivers\\sdks\\include\\10.0.22621.0\\ucrt\\errno.h",
            "h:\\ides\\vs\\vc\\tools\\msvc\\14.36.32532\\include\\vcruntime_string.h",
            "h:\\drivers\\sdks\\include\\10.0.22621.0\\ucrt\\corecrt_wstring.h",
            "h:\\drivers\\sdks\\include\\10.0.22621.0\\shared\\pshpack4.h",
            "h:\\drivers\\sdks\\include\\10.0.22621.0\\shared\\poppack.h",
            "h:\\drivers\\sdks\\include\\10.0.22621.0\\shared\\pshpack4.h",
            "h:\\drivers\\sdks\\include\\10.0.22621.0\\shared\\poppack.h",
            "h:\\drivers\\sdks\\include\\10.0.22621.0\\shared\\pshpack4.h",
            "h:\\drivers\\sdks\\include\\10.0.22621.0\\shared\\pshpack2.h",
            "h:\\drivers\\sdks\\include\\10.0.22621.0\\shared\\poppack.h",
            "h:\\drivers\\sdks\\include\\10.0.22621.0\\shared\\pshpack2.h",
            "h:\\drivers\\sdks\\include\\10.0.22621.0\\shared\\pshpack2.h",
            "h:\\drivers\\sdks\\include\\10.0.22621.0\\shared\\poppack.h",
            "h:\\drivers\\sdks\\include\\10.0.22621.0\\shared\\poppack.h",
            "h:\\drivers\\sdks\\include\\10.0.22621.0\\shared\\pshpack8.h",
            "h:\\drivers\\sdks\\include\\10.0.22621.0\\shared\\poppack.h",
            "h:\\drivers\\sdks\\include\\10.0.22621.0\\shared\\pshpack1.h",
            "h:\\drivers\\sdks\\include\\10.0.22621.0\\shared\\poppack.h",
            "h:\\drivers\\sdks\\include\\10.0.22621.0\\shared\\pshpack1.h",
            "h:\\drivers\\sdks\\include\\10.0.22621.0\\shared\\poppack.h",
            "h:\\drivers\\sdks\\include\\10.0.22621.0\\shared\\poppack.h",
            "h:\\drivers\\sdks\\include\\10.0.22621.0\\shared\\apiset.h",
            "h:\\drivers\\sdks\\include\\10.0.22621.0\\shared\\ktmtypes.h",
            "h:\\drivers\\sdks\\include\\10.0.22621.0\\um\\winbase.h",
            "h:\\drivers\\sdks\\include\\10.0.22621.0\\shared\\apisetcconv.h",
            "h:\\drivers\\sdks\\include\\10.0.22621.0\\um\\minwinbase.h",
            "h:\\drivers\\sdks\\include\\10.0.22621.0\\um\\apiquery2.h",
            "h:\\drivers\\sdks\\include\\10.0.22621.0\\um\\processenv.h",
            "h:\\drivers\\sdks\\include\\10.0.22621.0\\um\\fileapifromapp.h",
            "h:\\drivers\\sdks\\include\\10.0.22621.0\\um\\fileapi.h",
            "h:\\drivers\\sdks\\include\\10.0.22621.0\\um\\debugapi.h",
            "h:\\drivers\\sdks\\include\\10.0.22621.0\\um\\utilapiset.h",
            "h:\\drivers\\sdks\\include\\10.0.22621.0\\um\\handleapi.h",
            "h:\\drivers\\sdks\\include\\10.0.22621.0\\um\\errhandlingapi.h",
            "h:\\drivers\\sdks\\include\\10.0.22621.0\\um\\fibersapi.h",
            "h:\\drivers\\sdks\\include\\10.0.22621.0\\um\\namedpipeapi.h",
            "h:\\drivers\\sdks\\include\\10.0.22621.0\\um\\profileapi.h",
            "h:\\drivers\\sdks\\include\\10.0.22621.0\\um\\heapapi.h",
            "h:\\drivers\\sdks\\include\\10.0.22621.0\\um\\ioapiset.h",
            "h:\\drivers\\sdks\\include\\10.0.22621.0\\um\\synchapi.h",
            "h:\\drivers\\sdks\\include\\10.0.22621.0\\um\\interlockedapi.h",
            "h:\\drivers\\sdks\\include\\10.0.22621.0\\um\\processthreadsapi.h",
            "h:\\drivers\\sdks\\include\\10.0.22621.0\\um\\sysinfoapi.h",
            "h:\\drivers\\sdks\\include\\10.0.22621.0\\um\\memoryapi.h",
            "h:\\drivers\\sdks\\include\\10.0.22621.0\\um\\enclaveapi.h",
            "h:\\drivers\\sdks\\include\\10.0.22621.0\\um\\threadpoollegacyapiset.h",
            "h:\\drivers\\sdks\\include\\10.0.22621.0\\um\\threadpoolapiset.h",
            "h:\\drivers\\sdks\\include\\10.0.22621.0\\um\\jobapi.h",
            "h:\\drivers\\sdks\\include\\10.0.22621.0\\um\\jobapi2.h",
            "h:\\drivers\\sdks\\include\\10.0.22621.0\\um\\wow64apiset.h",
            "h:\\drivers\\sdks\\include\\10.0.22621.0\\um\\libloaderapi.h",
            "h:\\drivers\\sdks\\include\\10.0.22621.0\\um\\securitybaseapi.h",
            "h:\\drivers\\sdks\\include\\10.0.22621.0\\um\\namespaceapi.h",
            "h:\\drivers\\sdks\\include\\10.0.22621.0\\um\\systemtopologyapi.h",
            "h:\\drivers\\sdks\\include\\10.0.22621.0\\um\\processtopologyapi.h",
            "h:\\drivers\\sdks\\include\\10.0.22621.0\\um\\securityappcontainer.h",
            "h:\\drivers\\sdks\\include\\10.0.22621.0\\um\\realtimeapiset.h",
            "h:\\drivers\\sdks\\include\\10.0.22621.0\\shared\\winerror.h",
            "h:\\drivers\\sdks\\include\\10.0.22621.0\\um\\timezoneapi.h",
            "h:\\drivers\\sdks\\include\\10.0.22621.0\\um\\wingdi.h",
            "h:\\drivers\\sdks\\include\\10.0.22621.0\\shared\\pshpack1.h",
            "h:\\drivers\\sdks\\include\\10.0.22621.0\\shared\\poppack.h",
            "h:\\drivers\\sdks\\include\\10.0.22621.0\\shared\\pshpack2.h",
            "h:\\drivers\\sdks\\include\\10.0.22621.0\\shared\\poppack.h",
            "h:\\drivers\\sdks\\include\\10.0.22621.0\\shared\\pshpack2.h",
            "h:\\drivers\\sdks\\include\\10.0.22621.0\\shared\\poppack.h",
            "h:\\drivers\\sdks\\include\\10.0.22621.0\\shared\\pshpack4.h",
            "h:\\drivers\\sdks\\include\\10.0.22621.0\\shared\\poppack.h",
            "h:\\drivers\\sdks\\include\\10.0.22621.0\\shared\\pshpack4.h",
            "h:\\drivers\\sdks\\include\\10.0.22621.0\\shared\\poppack.h",
            "h:\\drivers\\sdks\\include\\10.0.22621.0\\um\\winuser.h",
            "h:\\drivers\\sdks\\include\\10.0.22621.0\\shared\\pshpack2.h",
            "h:\\drivers\\sdks\\include\\10.0.22621.0\\shared\\poppack.h",
            "h:\\drivers\\sdks\\include\\10.0.22621.0\\shared\\tvout.h",
            "h:\\drivers\\sdks\\include\\10.0.22621.0\\um\\winnls.h",
            "h:\\drivers\\sdks\\include\\10.0.22621.0\\um\\datetimeapi.h",
            "h:\\drivers\\sdks\\include\\10.0.22621.0\\um\\stringapiset.h",
            "h:\\drivers\\sdks\\include\\10.0.22621.0\\um\\winnls.h",
            "h:\\drivers\\sdks\\include\\10.0.22621.0\\um\\wincon.h",
            "h:\\drivers\\sdks\\include\\10.0.22621.0\\um\\wincontypes.h",
            "h:\\drivers\\sdks\\include\\10.0.22621.0\\um\\consoleapi.h",
            "h:\\drivers\\sdks\\include\\10.0.22621.0\\um\\consoleapi2.h",
            "h:\\drivers\\sdks\\include\\10.0.22621.0\\um\\consoleapi3.h",
            "h:\\drivers\\sdks\\include\\10.0.22621.0\\um\\winver.h",
            "h:\\drivers\\sdks\\include\\10.0.22621.0\\um\\verrsrc.h",
            "h:\\drivers\\sdks\\include\\10.0.22621.0\\um\\winreg.h",
            "h:\\drivers\\sdks\\include\\10.0.22621.0\\um\\reason.h",
            "h:\\drivers\\sdks\\include\\10.0.22621.0\\um\\winnetwk.h",
            "h:\\drivers\\sdks\\include\\10.0.22621.0\\shared\\wnnc.h",
            "h:\\drivers\\sdks\\include\\10.0.22621.0\\shared\\cderr.h",
            "h:\\drivers\\sdks\\include\\10.0.22621.0\\um\\dde.h",
            "h:\\drivers\\sdks\\include\\10.0.22621.0\\um\\ddeml.h",
            "h:\\drivers\\sdks\\include\\10.0.22621.0\\um\\dlgs.h",
            "h:\\drivers\\sdks\\include\\10.0.22621.0\\um\\lzexpand.h",
            "h:\\drivers\\sdks\\include\\10.0.22621.0\\um\\mmsystem.h",
            "h:\\drivers\\sdks\\include\\10.0.22621.0\\um\\mmsyscom.h",
            "h:\\drivers\\sdks\\include\\10.0.22621.0\\shared\\pshpack1.h",
            "h:\\drivers\\sdks\\include\\10.0.22621.0\\shared\\poppack.h",
            "h:\\drivers\\sdks\\include\\10.0.22621.0\\shared\\pshpack1.h",
            "h:\\drivers\\sdks\\include\\10.0.22621.0\\um\\mciapi.h",
            "h:\\drivers\\sdks\\include\\10.0.22621.0\\um\\mmiscapi.h",
            "h:\\drivers\\sdks\\include\\10.0.22621.0\\um\\mmiscapi2.h",
            "h:\\drivers\\sdks\\include\\10.0.22621.0\\um\\playsoundapi.h",
            "h:\\drivers\\sdks\\include\\10.0.22621.0\\um\\mmeapi.h",
            "h:\\drivers\\sdks\\include\\10.0.22621.0\\um\\timeapi.h",
            "h:\\drivers\\sdks\\include\\10.0.22621.0\\um\\joystickapi.h",
            "h:\\drivers\\sdks\\include\\10.0.22621.0\\shared\\poppack.h",
            "h:\\drivers\\sdks\\include\\10.0.22621.0\\um\\nb30.h",
            "h:\\drivers\\sdks\\include\\10.0.22621.0\\shared\\rpc.h",
            "h:\\drivers\\sdks\\include\\10.0.22621.0\\shared\\pshpack8.h",
            "h:\\drivers\\sdks\\include\\10.0.22621.0\\shared\\rpcdce.h",
            "h:\\drivers\\sdks\\include\\10.0.22621.0\\shared\\rpcdcep.h",
            "h:\\drivers\\sdks\\include\\10.0.22621.0\\um\\rpcnsi.h",
            "h:\\drivers\\sdks\\include\\10.0.22621.0\\shared\\rpcnterr.h",
            "h:\\drivers\\sdks\\include\\10.0.22621.0\\shared\\rpcasync.h",
            "h:\\drivers\\sdks\\include\\10.0.22621.0\\shared\\pshpack8.h",
            "h:\\drivers\\sdks\\include\\10.0.22621.0\\shared\\poppack.h",
            "h:\\drivers\\sdks\\include\\10.0.22621.0\\shared\\poppack.h",
            "h:\\drivers\\sdks\\include\\10.0.22621.0\\um\\shellapi.h",
            "h:\\drivers\\sdks\\include\\10.0.22621.0\\um\\winperf.h",
            "h:\\drivers\\sdks\\include\\10.0.22621.0\\shared\\pshpack8.h",
            "h:\\drivers\\sdks\\include\\10.0.22621.0\\shared\\poppack.h",
            "h:\\drivers\\sdks\\include\\10.0.22621.0\\um\\winsock.h",
            "h:\\drivers\\sdks\\include\\10.0.22621.0\\um\\wincrypt.h",
            "h:\\drivers\\sdks\\include\\10.0.22621.0\\shared\\bcrypt.h",
            "h:\\drivers\\sdks\\include\\10.0.22621.0\\um\\ncrypt.h",
            "h:\\drivers\\sdks\\include\\10.0.22621.0\\um\\dpapi.h",
            "h:\\drivers\\sdks\\include\\10.0.22621.0\\um\\winefs.h",
            "h:\\drivers\\sdks\\include\\10.0.22621.0\\um\\winscard.h",
            "h:\\drivers\\sdks\\include\\10.0.22621.0\\shared\\wtypes.h",
            "h:\\drivers\\sdks\\include\\10.0.22621.0\\shared\\rpcndr.h",
            "h:\\drivers\\sdks\\include\\10.0.22621.0\\shared\\pshpack8.h",
            "h:\\drivers\\sdks\\include\\10.0.22621.0\\um\\rpcnsip.h",
            "h:\\drivers\\sdks\\include\\10.0.22621.0\\shared\\rpcsal.h",
            "h:\\drivers\\sdks\\include\\10.0.22621.0\\shared\\poppack.h",
            "h:\\drivers\\sdks\\include\\10.0.22621.0\\shared\\wtypesbase.h",
            "h:\\drivers\\sdks\\include\\10.0.22621.0\\shared\\guiddef.h",
            "h:\\drivers\\sdks\\include\\10.0.22621.0\\um\\winioctl.h",
            "h:\\drivers\\sdks\\include\\10.0.22621.0\\shared\\pshpack1.h",
            "h:\\drivers\\sdks\\include\\10.0.22621.0\\shared\\poppack.h",
            "h:\\drivers\\sdks\\include\\10.0.22621.0\\shared\\pshpack1.h",
            "h:\\drivers\\sdks\\include\\10.0.22621.0\\shared\\poppack.h",
            "h:\\drivers\\sdks\\include\\10.0.22621.0\\shared\\pshpack1.h",
            "h:\\drivers\\sdks\\include\\10.0.22621.0\\shared\\poppack.h",
            "h:\\drivers\\sdks\\include\\10.0.22621.0\\shared\\pshpack1.h",
            "h:\\drivers\\sdks\\include\\10.0.22621.0\\shared\\poppack.h",
            "h:\\drivers\\sdks\\include\\10.0.22621.0\\shared\\pshpack1.h",
            "h:\\drivers\\sdks\\include\\10.0.22621.0\\shared\\poppack.h",
            "h:\\drivers\\sdks\\include\\10.0.22621.0\\shared\\pshpack1.h",
            "h:\\drivers\\sdks\\include\\10.0.22621.0\\shared\\poppack.h",
            "h:\\drivers\\sdks\\include\\10.0.22621.0\\shared\\pshpack1.h",
            "h:\\drivers\\sdks\\include\\10.0.22621.0\\shared\\poppack.h",
            "h:\\drivers\\sdks\\include\\10.0.22621.0\\shared\\winsmcrd.h",
            "h:\\drivers\\sdks\\include\\10.0.22621.0\\um\\winspool.h",
            "h:\\drivers\\sdks\\include\\10.0.22621.0\\um\\prsht.h",
            "h:\\drivers\\sdks\\include\\10.0.22621.0\\shared\\pshpack8.h",
            "h:\\drivers\\sdks\\include\\10.0.22621.0\\shared\\poppack.h",
            "h:\\drivers\\sdks\\include\\10.0.22621.0\\um\\ole2.h",
            "h:\\drivers\\sdks\\include\\10.0.22621.0\\shared\\pshpack8.h",
            "h:\\drivers\\sdks\\include\\10.0.22621.0\\um\\objbase.h",
            "h:\\drivers\\sdks\\include\\10.0.22621.0\\shared\\pshpack8.h",
            "h:\\drivers\\sdks\\include\\10.0.22621.0\\um\\combaseapi.h",
            "h:\\drivers\\sdks\\include\\10.0.22621.0\\shared\\pshpack8.h",
            "h:\\drivers\\sdks\\include\\10.0.22621.0\\ucrt\\stdlib.h",
            "h:\\drivers\\sdks\\include\\10.0.22621.0\\ucrt\\corecrt_malloc.h",
            "h:\\drivers\\sdks\\include\\10.0.22621.0\\ucrt\\corecrt_search.h",
            "h:\\drivers\\sdks\\include\\10.0.22621.0\\ucrt\\stddef.h",
            "h:\\drivers\\sdks\\include\\10.0.22621.0\\ucrt\\corecrt_wstdlib.h",
            "h:\\ides\\vs\\vc\\tools\\msvc\\14.36.32532\\include\\limits.h",
            "h:\\drivers\\sdks\\include\\10.0.22621.0\\um\\unknwnbase.h",
            "h:\\drivers\\sdks\\include\\10.0.22621.0\\um\\objidlbase.h",
            "h:\\drivers\\sdks\\include\\10.0.22621.0\\shared\\guiddef.h",
            "h:\\drivers\\sdks\\include\\10.0.22621.0\\um\\cguid.h",
            "h:\\drivers\\sdks\\include\\10.0.22621.0\\shared\\poppack.h",
            "h:\\drivers\\sdks\\include\\10.0.22621.0\\um\\coml2api.h",
            "h:\\drivers\\sdks\\include\\10.0.22621.0\\um\\objidl.h",
            "h:\\drivers\\sdks\\include\\10.0.22621.0\\um\\unknwn.h",
            "h:\\drivers\\sdks\\include\\10.0.22621.0\\um\\propidlbase.h",
            "h:\\drivers\\sdks\\include\\10.0.22621.0\\um\\oaidl.h",
            "h:\\drivers\\sdks\\include\\10.0.22621.0\\um\\urlmon.h",
            "h:\\drivers\\sdks\\include\\10.0.22621.0\\um\\oleidl.h",
            "h:\\drivers\\sdks\\include\\10.0.22621.0\\um\\servprov.h",
            "h:\\drivers\\sdks\\include\\10.0.22621.0\\um\\msxml.h",
            "h:\\drivers\\sdks\\include\\10.0.22621.0\\um\\propidl.h",
            "h:\\drivers\\sdks\\include\\10.0.22621.0\\shared\\poppack.h",
            "h:\\drivers\\sdks\\include\\10.0.22621.0\\um\\oleauto.h",
            "h:\\drivers\\sdks\\include\\10.0.22621.0\\shared\\pshpack8.h",
            "h:\\drivers\\sdks\\include\\10.0.22621.0\\shared\\poppack.h",
            "h:\\drivers\\sdks\\include\\10.0.22621.0\\shared\\poppack.h",
            "h:\\drivers\\sdks\\include\\10.0.22621.0\\um\\commdlg.h",
            "h:\\drivers\\sdks\\include\\10.0.22621.0\\um\\prsht.h",
            "h:\\drivers\\sdks\\include\\10.0.22621.0\\shared\\stralign.h",
            "h:\\drivers\\sdks\\include\\10.0.22621.0\\um\\winsvc.h",
            "h:\\drivers\\sdks\\include\\10.0.22621.0\\um\\mcx.h",
            "h:\\drivers\\sdks\\include\\10.0.22621.0\\um\\imm.h",
            "h:\\drivers\\sdks\\include\\10.0.22621.0\\um\\ime_cmodes.h",
            "h:\\drivers\\sdks\\include\\10.0.22621.0\\shared\\ws2def.h",
            "h:\\drivers\\sdks\\include\\10.0.22621.0\\shared\\inaddr.h",
            "h:\\drivers\\sdks\\include\\10.0.22621.0\\shared\\qos.h",
            "h:\\drivers\\sdks\\include\\10.0.22621.0\\shared\\ws2ipdef.h",
            "h:\\drivers\\sdks\\include\\10.0.22621.0\\shared\\in6addr.h",
            "h:\\ides\\vs\\vc\\tools\\msvc\\14.36.32532\\include\\string_view",
            "h:\\ides\\vs\\vc\\tools\\msvc\\14.36.32532\\include\\yvals.h",
            "h:\\ides\\vs\\vc\\tools\\msvc\\14.36.32532\\include\\yvals_core.h",
            "h:\\ides\\vs\\vc\\tools\\msvc\\14.36.32532\\include\\xkeycheck.h",
            "h:\\drivers\\sdks\\include\\10.0.22621.0\\ucrt\\crtdbg.h",
            "h:\\ides\\vs\\vc\\tools\\msvc\\14.36.32532\\include\\vcruntime_new_debug.h",
            "h:\\ides\\vs\\vc\\tools\\msvc\\14.36.32532\\include\\vcruntime_new.h",
            "h:\\ides\\vs\\vc\\tools\\msvc\\14.36.32532\\include\\crtdefs.h",
            "h:\\ides\\vs\\vc\\tools\\msvc\\14.36.32532\\include\\use_ansi.h",
            "h:\\ides\\vs\\vc\\tools\\msvc\\14.36.32532\\include\\xstring",
            "h:\\ides\\vs\\vc\\tools\\msvc\\14.36.32532\\include\\iosfwd",
            "h:\\ides\\vs\\vc\\tools\\msvc\\14.36.32532\\include\\cstdio",
            "h:\\drivers\\sdks\\include\\10.0.22621.0\\ucrt\\stdio.h",
            "h:\\drivers\\sdks\\include\\10.0.22621.0\\ucrt\\corecrt_wstdio.h",
            "h:\\drivers\\sdks\\include\\10.0.22621.0\\ucrt\\corecrt_stdio_config.h",
            "h:\\ides\\vs\\vc\\tools\\msvc\\14.36.32532\\include\\cstring",
            "h:\\ides\\vs\\vc\\tools\\msvc\\14.36.32532\\include\\cwchar",
            "h:\\drivers\\sdks\\include\\10.0.22621.0\\ucrt\\wchar.h",
            "h:\\drivers\\sdks\\include\\10.0.22621.0\\ucrt\\corecrt_wconio.h",
            "h:\\drivers\\sdks\\include\\10.0.22621.0\\ucrt\\corecrt_wdirect.h",
            "h:\\drivers\\sdks\\include\\10.0.22621.0\\ucrt\\corecrt_wio.h",
            "h:\\drivers\\sdks\\include\\10.0.22621.0\\ucrt\\corecrt_share.h",
            "h:\\drivers\\sdks\\include\\10.0.22621.0\\ucrt\\corecrt_wprocess.h",
            "h:\\drivers\\sdks\\include\\10.0.22621.0\\ucrt\\corecrt_wtime.h",
            "h:\\drivers\\sdks\\include\\10.0.22621.0\\ucrt\\sys\\stat.h",
            "h:\\drivers\\sdks\\include\\10.0.22621.0\\ucrt\\sys\\types.h",
            "h:\\ides\\vs\\vc\\tools\\msvc\\14.36.32532\\include\\xstddef",
            "h:\\ides\\vs\\vc\\tools\\msvc\\14.36.32532\\include\\cstddef",
            "h:\\ides\\vs\\vc\\tools\\msvc\\14.36.32532\\include\\xtr1common",
            "h:\\ides\\vs\\vc\\tools\\msvc\\14.36.32532\\include\\cstdlib",
            "h:\\drivers\\sdks\\include\\10.0.22621.0\\ucrt\\math.h",
            "h:\\drivers\\sdks\\include\\10.0.22621.0\\ucrt\\corecrt_math.h",
            "h:\\ides\\vs\\vc\\tools\\msvc\\14.36.32532\\include\\initializer_list",
            "h:\\ides\\vs\\vc\\tools\\msvc\\14.36.32532\\include\\xmemory",
            "h:\\ides\\vs\\vc\\tools\\msvc\\14.36.32532\\include\\cstdint",
            "h:\\ides\\vs\\vc\\tools\\msvc\\14.36.32532\\include\\stdint.h",
            "h:\\ides\\vs\\vc\\tools\\msvc\\14.36.32532\\include\\limits",
            "h:\\ides\\vs\\vc\\tools\\msvc\\14.36.32532\\include\\cfloat",
            "h:\\drivers\\sdks\\include\\10.0.22621.0\\ucrt\\float.h",
            "h:\\ides\\vs\\vc\\tools\\msvc\\14.36.32532\\include\\climits",
            "h:\\ides\\vs\\vc\\tools\\msvc\\14.36.32532\\include\\intrin0.h",
            "h:\\ides\\vs\\vc\\tools\\msvc\\14.36.32532\\include\\intrin0.inl.h",
            "h:\\ides\\vs\\vc\\tools\\msvc\\14.36.32532\\include\\isa_availability.h",
            "h:\\ides\\vs\\vc\\tools\\msvc\\14.36.32532\\include\\new",
            "h:\\ides\\vs\\vc\\tools\\msvc\\14.36.32532\\include\\exception",
            "h:\\ides\\vs\\vc\\tools\\msvc\\14.36.32532\\include\\type_traits",
            "h:\\drivers\\sdks\\include\\10.0.22621.0\\ucrt\\malloc.h",
            "h:\\ides\\vs\\vc\\tools\\msvc\\14.36.32532\\include\\vcruntime_exception.h",
            "h:\\ides\\vs\\vc\\tools\\msvc\\14.36.32532\\include\\eh.h",
            "h:\\drivers\\sdks\\include\\10.0.22621.0\\ucrt\\corecrt_terminate.h",
            "h:\\ides\\vs\\vc\\tools\\msvc\\14.36.32532\\include\\xatomic.h",
            "h:\\ides\\vs\\vc\\tools\\msvc\\14.36.32532\\include\\xutility",
            "h:\\ides\\vs\\vc\\tools\\msvc\\14.36.32532\\include\\__msvc_iter_core.hpp",
            "h:\\ides\\vs\\vc\\tools\\msvc\\14.36.32532\\include\\utility",
            "h:\\ides\\vs\\vc\\tools\\msvc\\14.36.32532\\include\\concepts",
            "h:\\ides\\vs\\vc\\tools\\msvc\\14.36.32532\\include\\compare",
            "h:\\ides\\vs\\vc\\tools\\msvc\\14.36.32532\\include\\bit",
            "h:\\ides\\vs\\vc\\tools\\msvc\\14.36.32532\\include\\tuple",
            "h:\\ides\\vs\\vc\\tools\\msvc\\14.36.32532\\include\\xpolymorphic_allocator.h",
            "h:\\ides\\vs\\vc\\tools\\msvc\\14.36.32532\\include\\__msvc_sanitizer_annotate_container.hpp",
            "h:\\ides\\vs\\vc\\tools\\msvc\\14.36.32532\\include\\iostream",
            "h:\\ides\\vs\\vc\\tools\\msvc\\14.36.32532\\include\\istream",
            "h:\\ides\\vs\\vc\\tools\\msvc\\14.36.32532\\include\\ostream",
            "h:\\ides\\vs\\vc\\tools\\msvc\\14.36.32532\\include\\ios",
            "h:\\ides\\vs\\vc\\tools\\msvc\\14.36.32532\\include\\xlocnum",
            "h:\\ides\\vs\\vc\\tools\\msvc\\14.36.32532\\include\\cmath",
            "h:\\ides\\vs\\vc\\tools\\msvc\\14.36.32532\\include\\iterator",
            "h:\\ides\\vs\\vc\\tools\\msvc\\14.36.32532\\include\\streambuf",
            "h:\\ides\\vs\\vc\\tools\\msvc\\14.36.32532\\include\\xiosbase",
            "h:\\drivers\\sdks\\include\\10.0.22621.0\\ucrt\\share.h",
            "h:\\ides\\vs\\vc\\tools\\msvc\\14.36.32532\\include\\system_error",
            "h:\\ides\\vs\\vc\\tools\\msvc\\14.36.32532\\include\\__msvc_system_error_abi.hpp",
            "h:\\ides\\vs\\vc\\tools\\msvc\\14.36.32532\\include\\cerrno",
            "h:\\ides\\vs\\vc\\tools\\msvc\\14.36.32532\\include\\stdexcept",
            "h:\\ides\\vs\\vc\\tools\\msvc\\14.36.32532\\include\\xcall_once.h",
            "h:\\ides\\vs\\vc\\tools\\msvc\\14.36.32532\\include\\xerrc.h",
            "h:\\ides\\vs\\vc\\tools\\msvc\\14.36.32532\\include\\atomic",
            "h:\\ides\\vs\\vc\\tools\\msvc\\14.36.32532\\include\\xatomic_wait.h",
            "h:\\ides\\vs\\vc\\tools\\msvc\\14.36.32532\\include\\xthreads.h",
            "h:\\ides\\vs\\vc\\tools\\msvc\\14.36.32532\\include\\xtimec.h",
            "h:\\ides\\vs\\vc\\tools\\msvc\\14.36.32532\\include\\ctime",
            "h:\\drivers\\sdks\\include\\10.0.22621.0\\ucrt\\time.h",
            "h:\\ides\\vs\\vc\\tools\\msvc\\14.36.32532\\include\\xlocale",
            "h:\\ides\\vs\\vc\\tools\\msvc\\14.36.32532\\include\\memory",
            "h:\\ides\\vs\\vc\\tools\\msvc\\14.36.32532\\include\\typeinfo",
            "h:\\ides\\vs\\vc\\tools\\msvc\\14.36.32532\\include\\vcruntime_typeinfo.h",
            "h:\\ides\\vs\\vc\\tools\\msvc\\14.36.32532\\include\\xfacet",
            "h:\\ides\\vs\\vc\\tools\\msvc\\14.36.32532\\include\\xlocinfo",
            "h:\\ides\\vs\\vc\\tools\\msvc\\14.36.32532\\include\\__msvc_xlocinfo_types.hpp",
            "h:\\ides\\vs\\vc\\tools\\msvc\\14.36.32532\\include\\cctype",
            "h:\\ides\\vs\\vc\\tools\\msvc\\14.36.32532\\include\\clocale",
            "h:\\drivers\\sdks\\include\\10.0.22621.0\\ucrt\\locale.h",
            "h:\\drivers\\sdks\\include\\10.0.22621.0\\um\\tlhelp32.h"
        ],
        "ImportedModules": [],
        "ImportedHeaderUnits": []
    }
}